<?xml version="1.0" encoding="UTF-8"?>
<project-private xmlns="http://www.netbeans.org/ns/project-private/1">
    <editor-bookmarks xmlns="http://www.netbeans.org/ns/editor-bookmarks/2" lastBookmarkId="0"/>
    <open-files xmlns="http://www.netbeans.org/ns/projectui-open-files/2">
        <group>
            <file>file:/C:/Users/Alexis/OneDrive/Documentos/NetBeansProjects/SistemaWeb%20(1)/SistemaWeb_1/web/GestionarEmpleados.jsp</file>
            <file>file:/C:/Users/Alexis/OneDrive/Documentos/NetBeansProjects/SistemaWeb%20(1)/SistemaWeb_1/src/java/Models/ViewModelEmpleado.java</file>
            <file>file:/C:/Users/Alexis/OneDrive/Documentos/NetBeansProjects/SistemaWeb%20(1)/SistemaWeb_1/src/java/Servlet/ServletPrincipal.java</file>
            <file>file:/C:/Users/Alexis/OneDrive/Documentos/NetBeansProjects/SistemaWeb%20(1)/SistemaWeb_1/web/Login.jsp</file>
        </group>
    </open-files>
</project-private>
